{
  "items": [
    {
      "title": "깔끔하게 멋 내기",
      "lookStyle": "modern",
      "gender": "female",
      "image": "./img/modern/women/w_m_0_1.jpg",
      "temp": "0도 이하"
    },
    {
      "title": "남다른 센스",
      "lookStyle": "modern",
      "gender": "female",
      "image": "./img/modern/women/w_m_0_2.jpg",
      "temp": "0도 이하"
    },
    {
      "title": "멋쁨의 정석",
      "lookStyle": "modern",
      "gender": "female",
      "image": "./img/modern/women/w_m_0_3.jpg",
      "temp": "0도 이하"
    },
    {
      "title": "세련된 매력",
      "lookStyle": "modern",
      "gender": "female",
      "image": "./img/modern/women/w_m_0_4.jpg",
      "temp": "0도 이하"
    },
    {
      "title": "깔끔한 연출",
      "lookStyle": "modern",
      "gender": "female",
      "image": "./img/modern/women/w_m_0_5.jpg",
      "temp": "0도 이하"
    },
    {
      "title": "차분한 분위기",
      "lookStyle": "modern",
      "gender": "female",
      "image": "./img/modern/women/w_m_0_6.jpg",
      "temp": "0도 이하"
    },

    {
      "title": "깔끔하게 멋 내기",
      "lookStyle": "modern",
      "gender": "female",
      "image": "./img/modern/women/w_m_16_1.jpg",
      "temp": "1도 이상 6도 이하"
    },
    {
      "title": "세련된 매력",
      "lookStyle": "modern",
      "gender": "female",
      "image": "./img/modern/women/w_m_16_2.jpg",
      "temp": "1도 이상 6도 이하"
    },
    {
      "title": "남다른 센스",
      "lookStyle": "modern",
      "gender": "female",
      "image": "./img/modern/women/w_m_16_3.jpg",
      "temp": "1도 이상 6도 이하"
    },
    {
      "title": "차분한 분위기",
      "lookStyle": "modern",
      "gender": "female",
      "image": "./img/modern/women/w_m_16_4.jpg",
      "temp": "1도 이상 6도 이하"
    },
    {
      "title": "깔끔한 연출",
      "lookStyle": "modern",
      "gender": "female",
      "image": "./img/modern/women/w_m_16_5.jpg",
      "temp": "1도 이상 6도 이하"
    },
    {
      "title": "멋쁨의 정석",
      "lookStyle": "modern",
      "gender": "female",
      "image": "./img/modern/women/w_m_16_6.jpg",
      "temp": "1도 이상 6도 이하"
    },
    {
      "title": "깔끔하게 멋 내기",
      "lookStyle": "modern",
      "gender": "female",
      "image": "./img/modern/women/w_m_711_1.jpg",
      "temp": "7도 이상 11도 이하"
    },
    {
      "title": "멋쁨의 정석",
      "lookStyle": "modern",
      "gender": "female",
      "image": "./img/modern/women/w_m_711_2.jpg",
      "temp": "7도 이상 11도 이하"
    },
    {
      "title": "세련된 매력",
      "lookStyle": "modern",
      "gender": "female",
      "image": "./img/modern/women/w_m_711_3.jpg",
      "temp": "7도 이상 11도 이하"
    },
    {
      "title": "남다른 센스",
      "lookStyle": "modern",
      "gender": "female",
      "image": "./img/modern/women/w_m_711_4.jpg",
      "temp": "7도 이상 11도 이하"
    },
    {
      "title": "차분한 분위기",
      "lookStyle": "modern",
      "gender": "female",
      "image": "./img/modern/women/w_m_711_5.jpg",
      "temp": "7도 이상 11도 이하"
    },
    {
      "title": "깔끔한 연출",
      "lookStyle": "modern",
      "gender": "female",
      "image": "./img/modern/women/w_m_711_6.jpg",
      "temp": "7도 이상 11도 이하"
    },
    {
      "title": "깔끔하게 멋 내기",
      "lookStyle": "modern",
      "gender": "female",
      "image": "./img/modern/women/w_m_1216_1.jpg",
      "temp": "12도 이상 16도 이하"
    },
    {
      "title": "세련된 매력",
      "lookStyle": "modern",
      "gender": "female",
      "image": "./img/modern/women/w_m_1216_2.jpg",
      "temp": "12도 이상 16도 이하"
    },
    {
      "title": "멋쁨의 정석",
      "lookStyle": "modern",
      "gender": "female",
      "image": "./img/modern/women/w_m_1216_3.jpg",
      "temp": "12도 이상 16도 이하"
    },
    {
      "title": "깔끔한 연출",
      "lookStyle": "modern",
      "gender": "female",
      "image": "./img/modern/women/w_m_1216_4.jpg",
      "temp": "12도 이상 16도 이하"
    },
    {
      "title": "남다른 센스",
      "lookStyle": "modern",
      "gender": "female",
      "image": "./img/modern/women/w_m_1216_5.jpg",
      "temp": "12도 이상 16도 이하"
    },
    {
      "title": "차분한 분위기",
      "lookStyle": "modern",
      "gender": "female",
      "image": "./img/modern/women/w_m_1216_6.jpg",
      "temp": "12도 이상 16도 이하"
    },
    {
      "title": "깔끔하게 멋 내기",
      "lookStyle": "modern",
      "gender": "female",
      "image": "./img/modern/women/w_m_1722_1.jpg",
      "temp": "17도 이상 22도 이하"
    },
    {
      "title": "멋쁨의 정석",
      "lookStyle": "modern",
      "gender": "female",
      "image": "./img/modern/women/w_m_1722_2.jpg",
      "temp": "17도 이상 22도 이하"
    },
    {
      "title": "차분한 분위기",
      "lookStyle": "modern",
      "gender": "female",
      "image": "./img/modern/women/w_m_1722_3.jpg",
      "temp": "17도 이상 22도 이하"
    },
    {
      "title": "세련된 매력",
      "lookStyle": "modern",
      "gender": "female",
      "image": "./img/modern/women/w_m_1722_4.jpg",
      "temp": "17도 이상 22도 이하"
    },
    {
      "title": "깔끔한 연출",
      "lookStyle": "modern",
      "gender": "female",
      "image": "./img/modern/women/w_m_1722_5.jpg",
      "temp": "17도 이상 22도 이하"
    },
    {
      "title": "남다른 센스",
      "lookStyle": "modern",
      "gender": "female",
      "image": "./img/modern/women/w_m_1722_6.jpg",
      "temp": "17도 이상 22도 이하"
    },
    {
      "title": "깔끔하게 멋 내기",
      "lookStyle": "modern",
      "gender": "female",
      "image": "./img/modern/women/w_m_2327_1.jpg",
      "temp": "23도 이상 27도 이하"
    },
    {
      "title": "깔끔한 연출",
      "lookStyle": "modern",
      "gender": "female",
      "image": "./img/modern/women/w_m_2327_2.jpg",
      "temp": "23도 이상 27도 이하"
    },
    {
      "title": "차분한 분위기",
      "lookStyle": "modern",
      "gender": "female",
      "image": "./img/modern/women/w_m_2327_3.jpg",
      "temp": "23도 이상 27도 이하"
    },
    {
      "title": "남다른 센스",
      "lookStyle": "modern",
      "gender": "female",
      "image": "./img/modern/women/w_m_2327_4.jpg",
      "temp": "23도 이상 27도 이하"
    },
    {
      "title": "멋쁨의 정석",
      "lookStyle": "modern",
      "gender": "female",
      "image": "./img/modern/women/w_m_2327_5.jpg",
      "temp": "23도 이상 27도 이하"
    },
    {
      "title": "세련된 매력",
      "lookStyle": "modern",
      "gender": "female",
      "image": "./img/modern/women/w_m_2327_6.jpg",
      "temp": "23도 이상 27도 이하"
    },
    {
      "title": "깔끔하게 멋 내기",
      "lookStyle": "modern",
      "gender": "female",
      "image": "./img/modern/women/w_m_28_1.jpg",
      "temp": "28도 이상"
    },
    {
      "title": "멋쁨의 정석",
      "lookStyle": "modern",
      "gender": "female",
      "image": "./img/modern/women/w_m_28_2.jpg",
      "temp": "28도 이상"
    },
    {
      "title": "남다른 센스",
      "lookStyle": "modern",
      "gender": "female",
      "image": "./img/modern/women/w_m_28_3.jpg",
      "temp": "28도 이상"
    },
    {
      "title": "세련된 매력",
      "lookStyle": "modern",
      "gender": "female",
      "image": "./img/modern/women/w_m_28_4.jpg",
      "temp": "28도 이상"
    },
    {
      "title": "깔끔한 연출",
      "lookStyle": "modern",
      "gender": "female",
      "image": "./img/modern/women/w_m_28_5.jpg",
      "temp": "28도 이상"
    },
    {
      "title": "차분한 분위기",
      "lookStyle": "modern",
      "gender": "female",
      "image": "./img/modern/women/w_m_28_6.jpg",
      "temp": "28도 이상"
    },
    {
      "title": "깔끔하게 멋 내기",
      "lookStyle": "modern",
      "gender": "male",
      "image": "./img/modern/men/m_0_1.jpg",
      "temp": "0도 이하"
    },
    {
      "title": "세련된 매력",
      "lookStyle": "modern",
      "gender": "male",
      "image": "./img/modern/men/m_0_2.jpg",
      "temp": "0도 이하"
    },
    {
      "title": "남다른 센스",
      "lookStyle": "modern",
      "gender": "male",
      "image": "./img/modern/men/m_0_3.jpg",
      "temp": "0도 이하"
    },
    {
      "title": "깔끔한 연출",
      "lookStyle": "modern",
      "gender": "male",
      "image": "./img/modern/men/m_0_4.jpg",
      "temp": "0도 이하"
    },
    {
      "title": "차분한 분위기",
      "lookStyle": "modern",
      "gender": "male",
      "image": "./img/modern/men/m_0_5.jpg",
      "temp": "0도 이하"
    },
    {
      "title": "멋쁨의 정석",
      "lookStyle": "modern",
      "gender": "male",
      "image": "./img/modern/men/m_0_6.jpg",
      "temp": "0도 이하"
    },
    {
      "title": "깔끔하게 멋 내기",
      "lookStyle": "modern",
      "gender": "male",
      "image": "./img/modern/men/m_16_1.jpg",
      "temp": "1도 이상 6도 이하"
    },
    {
      "title": "멋쁨의 정석",
      "lookStyle": "modern",
      "gender": "male",
      "image": "./img/modern/men/m_16_2.jpg",
      "temp": "1도 이상 6도 이하"
    },
    {
      "title": "세련된 매력",
      "lookStyle": "modern",
      "gender": "male",
      "image": "./img/modern/men/m_16_3.jpg",
      "temp": "1도 이상 6도 이하"
    },
    {
      "title": "남다른 센스",
      "lookStyle": "modern",
      "gender": "male",
      "image": "./img/modern/men/m_16_4.jpg",
      "temp": "1도 이상 6도 이하"
    },
    {
      "title": "차분한 분위기",
      "lookStyle": "modern",
      "gender": "male",
      "image": "./img/modern/men/m_16_5.jpg",
      "temp": "1도 이상 6도 이하"
    },
    {
      "title": "깔끔한 연출",
      "lookStyle": "modern",
      "gender": "male",
      "image": "./img/modern/men/m_16_6.jpg",
      "temp": "1도 이상 6도 이하"
    },
    {
      "title": "깔끔하게 멋 내기",
      "lookStyle": "modern",
      "gender": "male",
      "image": "./img/modern/men/m_711_1.jpg",
      "temp": "7도 이상 11도 이하"
    },
    {
      "title": "멋쁨의 정석",
      "lookStyle": "modern",
      "gender": "male",
      "image": "./img/modern/men/m_711_2.jpg",
      "temp": "7도 이상 11도 이하"
    },
    {
      "title": "깔끔한 연출",
      "lookStyle": "modern",
      "gender": "male",
      "image": "./img/modern/men/m_711_3.jpg",
      "temp": "7도 이상 11도 이하"
    },
    {
      "title": "세련된 매력",
      "lookStyle": "modern",
      "gender": "male",
      "image": "./img/modern/men/m_711_4.jpg",
      "temp": "7도 이상 11도 이하"
    },
    {
      "title": "남다른 센스",
      "lookStyle": "modern",
      "gender": "male",
      "image": "./img/modern/men/m_711_5.jpg",
      "temp": "7도 이상 11도 이하"
    },
    {
      "title": "차분한 분위기",
      "lookStyle": "modern",
      "gender": "male",
      "image": "./img/modern/men/m_711_6.jpg",
      "temp": "7도 이상 11도 이하"
    },
    {
      "title": "깔끔하게 멋 내기",
      "lookStyle": "modern",
      "gender": "male",
      "image": "./img/modern/men/m_1216_1.jpg",
      "temp": "12도 이상 16도 이하"
    },
    {
      "title": "남다른 센스",
      "lookStyle": "modern",
      "gender": "male",
      "image": "./img/modern/men/m_1216_2.jpg",
      "temp": "12도 이상 16도 이하"
    },
    {
      "title": "깔끔한 연출",
      "lookStyle": "modern",
      "gender": "male",
      "image": "./img/modern/men/m_1216_3.jpg",
      "temp": "12도 이상 16도 이하"
    },
    {
      "title": "멋쁨의 정석",
      "lookStyle": "modern",
      "gender": "male",
      "image": "./img/modern/men/m_1216_4.jpg",
      "temp": "12도 이상 16도 이하"
    },
    {
      "title": "차분한 분위기",
      "lookStyle": "modern",
      "gender": "male",
      "image": "./img/modern/men/m_1216_5.jpg",
      "temp": "12도 이상 16도 이하"
    },
    {
      "title": "세련된 매력",
      "lookStyle": "modern",
      "gender": "male",
      "image": "./img/modern/men/m_1216_6.jpg",
      "temp": "12도 이상 16도 이하"
    },
    {
      "title": "깔끔하게 멋 내기",
      "lookStyle": "modern",
      "gender": "male",
      "image": "./img/modern/men/m_1722_1.jpg",
      "temp": "17도 이상 22도 이하"
    },
    {
      "title": "멋쁨의 정석",
      "lookStyle": "modern",
      "gender": "male",
      "image": "./img/modern/men/m_1722_2.jpg",
      "temp": "17도 이상 22도 이하"
    },
    {
      "title": "깔끔한 연출",
      "lookStyle": "modern",
      "gender": "male",
      "image": "./img/modern/men/m_1722_3.jpg",
      "temp": "17도 이상 22도 이하"
    },
    {
      "title": "남다른 센스",
      "lookStyle": "modern",
      "gender": "male",
      "image": "./img/modern/men/m_1722_4.jpg",
      "temp": "17도 이상 22도 이하"
    },
    {
      "title": "세련된 매력",
      "lookStyle": "modern",
      "gender": "male",
      "image": "./img/modern/men/m_1722_5.jpg",
      "temp": "17도 이상 22도 이하"
    },
    {
      "title": "차분한 분위기",
      "lookStyle": "modern",
      "gender": "male",
      "image": "./img/modern/men/m_1722_6.jpg",
      "temp": "17도 이상 22도 이하"
    },
    {
      "title": "깔끔하게 멋 내기",
      "lookStyle": "modern",
      "gender": "male",
      "image": "./img/modern/men/m_2327_1.jpg",
      "temp": "23도 이상 27도 이하"
    },
    {
      "title": "세련된 매력",
      "lookStyle": "modern",
      "gender": "male",
      "image": "./img/modern/men/m_2327_2.jpg",
      "temp": "23도 이상 27도 이하"
    },
    {
      "title": "차분한 분위기",
      "lookStyle": "modern",
      "gender": "male",
      "image": "./img/modern/men/m_2327_3.jpg",
      "temp": "23도 이상 27도 이하"
    },
    {
      "title": "깔끔한 연출",
      "lookStyle": "modern",
      "gender": "male",
      "image": "./img/modern/men/m_2327_4.jpg",
      "temp": "23도 이상 27도 이하"
    },
    {
      "title": "남다른 센스",
      "lookStyle": "modern",
      "gender": "male",
      "image": "./img/modern/men/m_2327_5.jpg",
      "temp": "23도 이상 27도 이하"
    },
    {
      "title": "멋쁨의 정석",
      "lookStyle": "modern",
      "gender": "male",
      "image": "./img/modern/men/m_2327_6.jpg",
      "temp": "23도 이상 27도 이하"
    },
    {
      "title": "깔끔하게 멋 내기",
      "lookStyle": "modern",
      "gender": "male",
      "image": "./img/modern/men/m_28_1.jpg",
      "temp": "28도 이상"
    },
    {
      "title": "남다른 센스",
      "lookStyle": "modern",
      "gender": "male",
      "image": "./img/modern/men/m_28_2.jpg",
      "temp": "28도 이상"
    },
    {
      "title": "깔끔한 연출",
      "lookStyle": "modern",
      "gender": "male",
      "image": "./img/modern/men/m_28_3.jpg",
      "temp": "28도 이상"
    },
    {
      "title": "멋쁨의 정석",
      "lookStyle": "modern",
      "gender": "male",
      "image": "./img/modern/men/m_28_4.jpg",
      "temp": "28도 이상"
    },
    {
      "title": "세련된 매력",
      "lookStyle": "modern",
      "gender": "male",
      "image": "./img/modern/men/m_28_5.jpg",
      "temp": "28도 이상"
    },
    {
      "title": "차분한 분위기",
      "lookStyle": "modern",
      "gender": "male",
      "image": "./img/modern/men/m_28_6.jpg",
      "temp": "28도 이상"
    },

    {
      "title": "매일 입을래",
      "lookStyle": "casual",
      "gender": "female",
      "image": "./img/casual/women/w_c_0_1.jpg",
      "temp": "0도 이하"
    },
    {
      "title": "매력 만점",
      "lookStyle": "casual",
      "gender": "female",
      "image": "./img/casual/women/w_c_0_2.jpg",
      "temp": "0도 이하"
    },
    {
      "title": "데일리로 제격",
      "lookStyle": "casual",
      "gender": "female",
      "image": "./img/casual/women/w_c_0_3.jpg",
      "temp": "0도 이하"
    },
    {
      "title": "센스 있게 완성",
      "lookStyle": "casual",
      "gender": "female",
      "image": "./img/casual/women/w_c_0_4.jpg",
      "temp": "0도 이하"
    },
    {
      "title": "취향 저격",
      "lookStyle": "casual",
      "gender": "female",
      "image": "./img/casual/women/w_c_0_5.jpg",
      "temp": "0도 이하"
    },
    {
      "title": "추천 데일리 룩",
      "lookStyle": "casual",
      "gender": "female",
      "image": "./img/casual/women/w_c_0_6.jpg",
      "temp": "0도 이하"
    },
    {
      "title": "취향 저격",
      "lookStyle": "casual",
      "gender": "female",
      "image": "./img/casual/women/w_c_16_1.jpg",
      "temp": "1도 이상 6도 이하"
    },
    {
      "title": "데일리로 제격",
      "lookStyle": "casual",
      "gender": "female",
      "image": "./img/casual/women/w_c_16_2.jpg",
      "temp": "1도 이상 6도 이하"
    },
    {
      "title": "매일 입을래",
      "lookStyle": "casual",
      "gender": "female",
      "image": "./img/casual/women/w_c_16_3.jpg",
      "temp": "1도 이상 6도 이하"
    },
    {
      "title": "센스 있게 완성",
      "lookStyle": "casual",
      "gender": "female",
      "image": "./img/casual/women/w_c_16_4.jpg",
      "temp": "1도 이상 6도 이하"
    },
    {
      "title": "매력 만점",
      "lookStyle": "casual",
      "gender": "female",
      "image": "./img/casual/women/w_c_16_5.jpg",
      "temp": "1도 이상 6도 이하"
    },
    {
      "title": "추천 데일리 룩",
      "lookStyle": "casual",
      "gender": "female",
      "image": "./img/casual/women/w_c_16_6.jpg",
      "temp": "1도 이상 6도 이하"
    },
    {
      "title": "매력 만점",
      "lookStyle": "casual",
      "gender": "female",
      "image": "./img/casual/women/w_c_711_1.jpg",
      "temp": "7도 이상 11도 이하"
    },
    {
      "title": "센스 있게 완성",
      "lookStyle": "casual",
      "gender": "female",
      "image": "./img/casual/women/w_c_711_2.jpg",
      "temp": "7도 이상 11도 이하"
    },
    {
      "title": "추천 데일리 룩",
      "lookStyle": "casual",
      "gender": "female",
      "image": "./img/casual/women/w_c_711_3.jpg",
      "temp": "7도 이상 11도 이하"
    },
    {
      "title": "취향 저격",
      "lookStyle": "casual",
      "gender": "female",
      "image": "./img/casual/women/w_c_711_4.jpg",
      "temp": "7도 이상 11도 이하"
    },
    {
      "title": "데일리로 제격",
      "lookStyle": "casual",
      "gender": "female",
      "image": "./img/casual/women/w_c_711_5.jpg",
      "temp": "7도 이상 11도 이하"
    },
    {
      "title": "매일 입을래",
      "lookStyle": "casual",
      "gender": "female",
      "image": "./img/casual/women/w_c_711_6.jpg",
      "temp": "7도 이상 11도 이하"
    },
    {
      "title": "센스 있게 완성",
      "lookStyle": "casual",
      "gender": "female",
      "image": "./img/casual/women/w_c_1216_1.jpg",
      "temp": "12도 이상 16도 이하"
    },
    {
      "title": "매일 입을래",
      "lookStyle": "casual",
      "gender": "female",
      "image": "./img/casual/women/w_c_1216_2.jpg",
      "temp": "12도 이상 16도 이하"
    },
    {
      "title": "추천 데일리 룩",
      "lookStyle": "casual",
      "gender": "female",
      "image": "./img/casual/women/w_c_1216_3.jpg",
      "temp": "12도 이상 16도 이하"
    },
    {
      "title": "데일리로 제격",
      "lookStyle": "casual",
      "gender": "female",
      "image": "./img/casual/women/w_c_1216_4.jpg",
      "temp": "12도 이상 16도 이하"
    },
    {
      "title": "취향 저격",
      "lookStyle": "casual",
      "gender": "female",
      "image": "./img/casual/women/w_c_1216_5.jpg",
      "temp": "12도 이상 16도 이하"
    },
    {
      "title": "매력 만점",
      "lookStyle": "casual",
      "gender": "female",
      "image": "./img/casual/women/w_c_1216_6.jpg",
      "temp": "12도 이상 16도 이하"
    },
    {
      "title": "데일리로 제격",
      "lookStyle": "casual",
      "gender": "female",
      "image": "./img/casual/women/w_c_1722_1.jpg",
      "temp": "17도 이상 22도 이하"
    },
    {
      "title": "센스 있게 완성",
      "lookStyle": "casual",
      "gender": "female",
      "image": "./img/casual/women/w_c_1722_2.jpg",
      "temp": "17도 이상 22도 이하"
    },
    {
      "title": "매일 입을래",
      "lookStyle": "casual",
      "gender": "female",
      "image": "./img/casual/women/w_c_1722_3.jpg",
      "temp": "17도 이상 22도 이하"
    },
    {
      "title": "매력 만점",
      "lookStyle": "casual",
      "gender": "female",
      "image": "./img/casual/women/w_c_1722_4.jpg",
      "temp": "17도 이상 22도 이하"
    },
    {
      "title": "추천 데일리 룩",
      "lookStyle": "casual",
      "gender": "female",
      "image": "./img/casual/women/w_c_1722_5.jpg",
      "temp": "17도 이상 22도 이하"
    },
    {
      "title": "취향 저격",
      "lookStyle": "casual",
      "gender": "female",
      "image": "./img/casual/women/w_c_1722_6.jpg",
      "temp": "17도 이상 22도 이하"
    },
    {
      "title": "매일 입을래",
      "lookStyle": "casual",
      "gender": "female",
      "image": "./img/casual/women/w_c_2327_1.jpg",
      "temp": "23도 이상 27도 이하"
    },
    {
      "title": "매력 만점",
      "lookStyle": "casual",
      "gender": "female",
      "image": "./img/casual/women/w_c_2327_2.jpg",
      "temp": "23도 이상 27도 이하"
    },
    {
      "title": "취향 저격",
      "lookStyle": "casual",
      "gender": "female",
      "image": "./img/casual/women/w_c_2327_3.jpg",
      "temp": "23도 이상 27도 이하"
    },
    {
      "title": "데일리로 제격",
      "lookStyle": "casual",
      "gender": "female",
      "image": "./img/casual/women/w_c_2327_4.jpg",
      "temp": "23도 이상 27도 이하"
    },
    {
      "title": "추천 데일리 룩",
      "lookStyle": "casual",
      "gender": "female",
      "image": "./img/casual/women/w_c_2327_5.jpg",
      "temp": "23도 이상 27도 이하"
    },
    {
      "title": "센스 있게 완성",
      "lookStyle": "casual",
      "gender": "female",
      "image": "./img/casual/women/w_c_2327_6.jpg",
      "temp": "23도 이상 27도 이하"
    },
    {
      "title": "취향 저격",
      "lookStyle": "casual",
      "gender": "female",
      "image": "./img/casual/women/w_c_28_1.jpg",
      "temp": "28도 이상"
    },
    {
      "title": "센스 있게 완성",
      "lookStyle": "casual",
      "gender": "female",
      "image": "./img/casual/women/w_c_28_2.jpg",
      "temp": "28도 이상"
    },
    {
      "title": "추천 데일리 룩",
      "lookStyle": "casual",
      "gender": "female",
      "image": "./img/casual/women/w_c_28_3.jpg",
      "temp": "28도 이상"
    },
    {
      "title": "매일 입을래",
      "lookStyle": "casual",
      "gender": "female",
      "image": "./img/casual/women/w_c_28_4.jpg",
      "temp": "28도 이상"
    },
    {
      "title": "매력 만점",
      "lookStyle": "casual",
      "gender": "female",
      "image": "./img/casual/women/w_c_28_5.jpg",
      "temp": "28도 이상"
    },
    {
      "title": "데일리로 제격",
      "lookStyle": "casual",
      "gender": "female",
      "image": "./img/casual/women/w_c_28_6.jpg",
      "temp": "28도 이상"
    },
    {
      "title": "센스 있게 완성",
      "lookStyle": "casual",
      "gender": "male",
      "image": "./img/casual/men/c_0_1.jpg",
      "temp": "0도 이하"
    },
    {
      "title": "데일리로 제격",
      "lookStyle": "casual",
      "gender": "male",
      "image": "./img/casual/men/c_0_2.jpg",
      "temp": "0도 이하"
    },
    {
      "title": "매력 만점",
      "lookStyle": "casual",
      "gender": "male",
      "image": "./img/casual/men/c_0_3.jpg",
      "temp": "0도 이하"
    },
    {
      "title": "취향 저격",
      "lookStyle": "casual",
      "gender": "male",
      "image": "./img/casual/men/c_0_4.jpg",
      "temp": "0도 이하"
    },
    {
      "title": "매일 입을래",
      "lookStyle": "casual",
      "gender": "male",
      "image": "./img/casual/men/c_0_5.jpg",
      "temp": "0도 이하"
    },
    {
      "title": "추천 데일리 룩",
      "lookStyle": "casual",
      "gender": "male",
      "image": "./img/casual/men/c_0_6.jpg",
      "temp": "0도 이하"
    },
    {
      "title": "매력 만점",
      "lookStyle": "casual",
      "gender": "male",
      "image": "./img/casual/men/c_16_1.jpg",
      "temp": "1도 이상 6도 이하"
    },
    {
      "title": "매일 입을래",
      "lookStyle": "casual",
      "gender": "male",
      "image": "./img/casual/men/c_16_2.jpg",
      "temp": "1도 이상 6도 이하"
    },
    {
      "title": "센스 있게 완성",
      "lookStyle": "casual",
      "gender": "male",
      "image": "./img/casual/men/c_16_3.jpg",
      "temp": "1도 이상 6도 이하"
    },
    {
      "title": "데일리로 제격",
      "lookStyle": "casual",
      "gender": "male",
      "image": "./img/casual/men/c_16_4.jpg",
      "temp": "1도 이상 6도 이하"
    },
    {
      "title": "추천 데일리 룩",
      "lookStyle": "casual",
      "gender": "male",
      "image": "./img/casual/men/c_16_5.jpg",
      "temp": "1도 이상 6도 이하"
    },
    {
      "title": "취향 저격",
      "lookStyle": "casual",
      "gender": "male",
      "image": "./img/casual/men/c_16_6.jpg",
      "temp": "1도 이상 6도 이하"
    },
    {
      "title": "추천 데일리 룩",
      "lookStyle": "casual",
      "gender": "male",
      "image": "./img/casual/men/c_711_1.jpg",
      "temp": "7도 이상 11도 이하"
    },
    {
      "title": "데일리로 제격",
      "lookStyle": "casual",
      "gender": "male",
      "image": "./img/casual/men/c_711_2.jpg",
      "temp": "7도 이상 11도 이하"
    },
    {
      "title": "취향 저격",
      "lookStyle": "casual",
      "gender": "male",
      "image": "./img/casual/men/c_711_3.jpg",
      "temp": "7도 이상 11도 이하"
    },
    {
      "title": "매일 입을래",
      "lookStyle": "casual",
      "gender": "male",
      "image": "./img/casual/men/c_711_4.jpg",
      "temp": "7도 이상 11도 이하"
    },
    {
      "title": "센스 있게 완성",
      "lookStyle": "casual",
      "gender": "male",
      "image": "./img/casual/men/c_711_5.jpg",
      "temp": "7도 이상 11도 이하"
    },
    {
      "title": "매력 만점",
      "lookStyle": "casual",
      "gender": "male",
      "image": "./img/casual/men/c_711_6.jpg",
      "temp": "7도 이상 11도 이하"
    },
    {
      "title": "매일 입을래",
      "lookStyle": "casual",
      "gender": "male",
      "image": "./img/casual/men/c_1216_1.jpg",
      "temp": "12도 이상 16도 이하"
    },
    {
      "title": "취향 저격",
      "lookStyle": "casual",
      "gender": "male",
      "image": "./img/casual/men/c_1216_2.jpg",
      "temp": "12도 이상 16도 이하"
    },
    {
      "title": "데일리로 제격",
      "lookStyle": "casual",
      "gender": "male",
      "image": "./img/casual/men/c_1216_3.jpg",
      "temp": "12도 이상 16도 이하"
    },
    {
      "title": "센스 있게 완성",
      "lookStyle": "casual",
      "gender": "male",
      "image": "./img/casual/men/c_1216_4.jpg",
      "temp": "12도 이상 16도 이하"
    },
    {
      "title": "매력 만점",
      "lookStyle": "casual",
      "gender": "male",
      "image": "./img/casual/men/c_1216_5.jpg",
      "temp": "12도 이상 16도 이하"
    },
    {
      "title": "추천 데일리 룩",
      "lookStyle": "casual",
      "gender": "male",
      "image": "./img/casual/men/c_1216_6.jpg",
      "temp": "12도 이상 16도 이하"
    },
    {
      "title": "센스 있게 완성",
      "lookStyle": "casual",
      "gender": "male",
      "image": "./img/casual/men/c_1722_1.jpg",
      "temp": "17도 이상 22도 이하"
    },
    {
      "title": "매력 만점",
      "lookStyle": "casual",
      "gender": "male",
      "image": "./img/casual/men/c_1722_2.jpg",
      "temp": "17도 이상 22도 이하"
    },
    {
      "title": "취향 저격",
      "lookStyle": "casual",
      "gender": "male",
      "image": "./img/casual/men/c_1722_3.jpg",
      "temp": "17도 이상 22도 이하"
    },
    {
      "title": "추천 데일리 룩",
      "lookStyle": "casual",
      "gender": "male",
      "image": "./img/casual/men/c_1722_4.jpg",
      "temp": "17도 이상 22도 이하"
    },
    {
      "title": "데일리로 제격",
      "lookStyle": "casual",
      "gender": "male",
      "image": "./img/casual/men/c_1722_5.jpg",
      "temp": "17도 이상 22도 이하"
    },
    {
      "title": "매일 입을래",
      "lookStyle": "casual",
      "gender": "male",
      "image": "./img/casual/men/c_1722_6.jpg",
      "temp": "17도 이상 22도 이하"
    },
    {
      "title": "매력 만점",
      "lookStyle": "casual",
      "gender": "male",
      "image": "./img/casual/men/c_2327_1.jpg",
      "temp": "23도 이상 27도 이하"
    },
    {
      "title": "데일리로 제격",
      "lookStyle": "casual",
      "gender": "male",
      "image": "./img/casual/men/c_2327_2.jpg",
      "temp": "23도 이상 27도 이하"
    },
    {
      "title": "매일 입을래",
      "lookStyle": "casual",
      "gender": "male",
      "image": "./img/casual/men/c_2327_3.jpg",
      "temp": "23도 이상 27도 이하"
    },
    {
      "title": "추천 데일리 룩",
      "lookStyle": "casual",
      "gender": "male",
      "image": "./img/casual/men/c_2327_4.jpg",
      "temp": "23도 이상 27도 이하"
    },
    {
      "title": "센스 있게 완성",
      "lookStyle": "casual",
      "gender": "male",
      "image": "./img/casual/men/c_2327_5.jpg",
      "temp": "23도 이상 27도 이하"
    },
    {
      "title": "취향 저격",
      "lookStyle": "casual",
      "gender": "male",
      "image": "./img/casual/men/c_2327_6.jpg",
      "temp": "23도 이상 27도 이하"
    },
    {
      "title": "매일 입을래",
      "lookStyle": "casual",
      "gender": "male",
      "image": "./img/casual/men/c_28_1.jpg",
      "temp": "28도 이상"
    },
    {
      "title": "센스 있게 완성",
      "lookStyle": "casual",
      "gender": "male",
      "image": "./img/casual/men/c_28_2.jpg",
      "temp": "28도 이상"
    },
    {
      "title": "추천 데일리 룩",
      "lookStyle": "casual",
      "gender": "male",
      "image": "./img/casual/men/c_28_3.jpg",
      "temp": "28도 이상"
    },
    {
      "title": "취향 저격",
      "lookStyle": "casual",
      "gender": "male",
      "image": "./img/casual/men/c_28_4.jpg",
      "temp": "28도 이상"
    },
    {
      "title": "매력 만점",
      "lookStyle": "casual",
      "gender": "male",
      "image": "./img/casual/men/c_28_5.jpg",
      "temp": "28도 이상"
    },
    {
      "title": "데일리로 제격",
      "lookStyle": "casual",
      "gender": "male",
      "image": "./img/casual/men/c_28_6.jpg",
      "temp": "28도 이상"
    },

    {
      "title": "스트릿 바이브",
      "lookStyle": "street",
      "gender": "female",
      "image": "./img/street/women/s_0_1.jpg",
      "temp": "0도 이하"
    },
    {
      "title": "스타일리시해",
      "lookStyle": "street",
      "gender": "female",
      "image": "./img/street/women/s_0_2.jpg",
      "temp": "0도 이하"
    },
    {
      "title": "힙하게 입자",
      "lookStyle": "street",
      "gender": "female",
      "image": "./img/street/women/s_0_3.jpg",
      "temp": "0도 이하"
    },
    {
      "title": "요즘 힙 감성",
      "lookStyle": "street",
      "gender": "female",
      "image": "./img/street/women/s_0_4.jpg",
      "temp": "0도 이하"
    },
    {
      "title": "탐나는 코디",
      "lookStyle": "street",
      "gender": "female",
      "image": "./img/street/women/s_0_5.jpg",
      "temp": "0도 이하"
    },
    {
      "title": "힙하게 즐겨",
      "lookStyle": "street",
      "gender": "female",
      "image": "./img/street/women/s_0_6.jpg",
      "temp": "0도 이하"
    },
    {
      "title": "탐나는 코디",
      "lookStyle": "street",
      "gender": "female",
      "image": "./img/street/women/s_16_1.jpg",
      "temp": "1도 이상 6도 이하"
    },
    {
      "title": "힙하게 입자",
      "lookStyle": "street",
      "gender": "female",
      "image": "./img/street/women/s_16_2.jpg",
      "temp": "1도 이상 6도 이하"
    },
    {
      "title": "스트릿 바이브",
      "lookStyle": "street",
      "gender": "female",
      "image": "./img/street/women/s_16_3.jpg",
      "temp": "1도 이상 6도 이하"
    },
    {
      "title": "힙하게 즐겨",
      "lookStyle": "street",
      "gender": "female",
      "image": "./img/street/women/s_16_4.jpg",
      "temp": "1도 이상 6도 이하"
    },
    {
      "title": "요즘 힙 감성",
      "lookStyle": "street",
      "gender": "female",
      "image": "./img/street/women/s_16_5.jpg",
      "temp": "1도 이상 6도 이하"
    },
    {
      "title": "스타일리시해",
      "lookStyle": "street",
      "gender": "female",
      "image": "./img/street/women/s_16_6.jpg",
      "temp": "1도 이상 6도 이하"
    },
    {
      "title": "힙하게 즐겨",
      "lookStyle": "street",
      "gender": "female",
      "image": "./img/street/women/s_711_1.jpg",
      "temp": "7도 이상 11도 이하"
    },
    {
      "title": "탐나는 코디",
      "lookStyle": "street",
      "gender": "female",
      "image": "./img/street/women/s_711_2.jpg",
      "temp": "7도 이상 11도 이하"
    },
    {
      "title": "스타일리시해",
      "lookStyle": "street",
      "gender": "female",
      "image": "./img/street/women/s_711_3.jpg",
      "temp": "7도 이상 11도 이하"
    },
    {
      "title": "힙하게 입자",
      "lookStyle": "street",
      "gender": "female",
      "image": "./img/street/women/s_711_4.jpg",
      "temp": "7도 이상 11도 이하"
    },
    {
      "title": "스트릿 바이브",
      "lookStyle": "street",
      "gender": "female",
      "image": "./img/street/women/s_711_5.jpg",
      "temp": "7도 이상 11도 이하"
    },
    {
      "title": "요즘 힙 감성",
      "lookStyle": "street",
      "gender": "female",
      "image": "./img/street/women/s_711_6.jpg",
      "temp": "7도 이상 11도 이하"
    },
    {
      "title": "요즘 힙 감성",
      "lookStyle": "street",
      "gender": "female",
      "image": "./img/street/women/s_1216_1.jpg",
      "temp": "12도 이상 16도 이하"
    },
    {
      "title": "스타일리시해",
      "lookStyle": "street",
      "gender": "female",
      "image": "./img/street/women/s_1216_2.jpg",
      "temp": "12도 이상 16도 이하"
    },
    {
      "title": "힙하게 즐겨",
      "lookStyle": "street",
      "gender": "female",
      "image": "./img/street/women/s_1216_3.jpg",
      "temp": "12도 이상 16도 이하"
    },
    {
      "title": "스트릿 바이브",
      "lookStyle": "street",
      "gender": "female",
      "image": "./img/street/women/s_1216_4.jpg",
      "temp": "12도 이상 16도 이하"
    },
    {
      "title": "탐나는 코디",
      "lookStyle": "street",
      "gender": "female",
      "image": "./img/street/women/s_1216_5.jpg",
      "temp": "12도 이상 16도 이하"
    },
    {
      "title": "힙하게 입자",
      "lookStyle": "street",
      "gender": "female",
      "image": "./img/street/women/s_1216_6.jpg",
      "temp": "12도 이상 16도 이하"
    },
    {
      "title": "힙하게 입자",
      "lookStyle": "street",
      "gender": "female",
      "image": "./img/street/women/s_1722_1.jpg",
      "temp": "17도 이상 22도 이하"
    },
    {
      "title": "힙하게 즐겨",
      "lookStyle": "street",
      "gender": "female",
      "image": "./img/street/women/s_1722_2.jpg",
      "temp": "17도 이상 22도 이하"
    },
    {
      "title": "요즘 힙 감성",
      "lookStyle": "street",
      "gender": "female",
      "image": "./img/street/women/s_1722_3.jpg",
      "temp": "17도 이상 22도 이하"
    },
    {
      "title": "탐나는 코디",
      "lookStyle": "street",
      "gender": "female",
      "image": "./img/street/women/s_1722_4.jpg",
      "temp": "17도 이상 22도 이하"
    },
    {
      "title": "스타일리시해",
      "lookStyle": "street",
      "gender": "female",
      "image": "./img/street/women/s_1722_5.jpg",
      "temp": "17도 이상 22도 이하"
    },
    {
      "title": "스트릿 바이브",
      "lookStyle": "street",
      "gender": "female",
      "image": "./img/street/women/s_1722_6.jpg",
      "temp": "17도 이상 22도 이하"
    },
    {
      "title": "힙하게 즐겨",
      "lookStyle": "street",
      "gender": "female",
      "image": "./img/street/women/s_2327_1.jpg",
      "temp": "23도 이상 27도 이하"
    },
    {
      "title": "스트릿 바이브",
      "lookStyle": "street",
      "gender": "female",
      "image": "./img/street/women/s_2327_2.jpg",
      "temp": "23도 이상 27도 이하"
    },
    {
      "title": "힙하게 입자",
      "lookStyle": "street",
      "gender": "female",
      "image": "./img/street/women/s_2327_3.jpg",
      "temp": "23도 이상 27도 이하"
    },
    {
      "title": "스타일리시해",
      "lookStyle": "street",
      "gender": "female",
      "image": "./img/street/women/s_2327_4.jpg",
      "temp": "23도 이상 27도 이하"
    },
    {
      "title": "요즘 힙 감성",
      "lookStyle": "street",
      "gender": "female",
      "image": "./img/street/women/s_2327_5.jpg",
      "temp": "23도 이상 27도 이하"
    },
    {
      "title": "탐나는 코디",
      "lookStyle": "street",
      "gender": "female",
      "image": "./img/street/women/s_2327_6.jpg",
      "temp": "23도 이상 27도 이하"
    },
    {
      "title": "스트릿 바이브",
      "lookStyle": "street",
      "gender": "female",
      "image": "./img/street/women/s_28_1.jpg",
      "temp": "28도 이상"
    },
    {
      "title": "힙하게 즐겨",
      "lookStyle": "street",
      "gender": "female",
      "image": "./img/street/women/s_28_2.jpg",
      "temp": "28도 이상"
    },
    {
      "title": "요즘 힙 감성",
      "lookStyle": "street",
      "gender": "female",
      "image": "./img/street/women/s_28_3.jpg",
      "temp": "28도 이상"
    },
    {
      "title": "탐나는 코디",
      "lookStyle": "street",
      "gender": "female",
      "image": "./img/street/women/s_28_4.jpg",
      "temp": "28도 이상"
    },
    {
      "title": "힙하게 입자",
      "lookStyle": "street",
      "gender": "female",
      "image": "./img/street/women/s_28_5.jpg",
      "temp": "28도 이상"
    },
    {
      "title": "스타일리시해",
      "lookStyle": "street",
      "gender": "female",
      "image": "./img/street/women/s_28_6.jpg",
      "temp": "28도 이상"
    },
    {
      "title": "힙하게 즐겨",
      "lookStyle": "street",
      "gender": "male",
      "image": "./img/street/men/s_0_1.jpg",
      "temp": "0도 이하"
    },
    {
      "title": "스트릿 바이브",
      "lookStyle": "street",
      "gender": "male",
      "image": "./img/street/men/s_0_2.jpg",
      "temp": "0도 이하"
    },
    {
      "title": "스타일리시해",
      "lookStyle": "street",
      "gender": "male",
      "image": "./img/street/men/s_0_3.jpg",
      "temp": "0도 이하"
    },
    {
      "title": "힙하게 입자",
      "lookStyle": "street",
      "gender": "male",
      "image": "./img/street/men/s_0_4.jpg",
      "temp": "0도 이하"
    },
    {
      "title": "탐나는 코디",
      "lookStyle": "street",
      "gender": "male",
      "image": "./img/street/men/s_0_5.jpg",
      "temp": "0도 이하"
    },
    {
      "title": "요즘 힙 감성",
      "lookStyle": "street",
      "gender": "male",
      "image": "./img/street/men/s_0_6.jpg",
      "temp": "0도 이하"
    },
    {
      "title": "요즘 힙 감성",
      "lookStyle": "street",
      "gender": "male",
      "image": "./img/street/men/s_16_1.jpg",
      "temp": "1도 이상 6도 이하"
    },
    {
      "title": "힙하게 입자",
      "lookStyle": "street",
      "gender": "male",
      "image": "./img/street/men/s_16_2.jpg",
      "temp": "1도 이상 6도 이하"
    },
    {
      "title": "스트릿 바이브",
      "lookStyle": "street",
      "gender": "male",
      "image": "./img/street/men/s_16_3.jpg",
      "temp": "1도 이상 6도 이하"
    },
    {
      "title": "힙하게 즐겨",
      "lookStyle": "street",
      "gender": "male",
      "image": "./img/street/men/s_16_4.jpg",
      "temp": "1도 이상 6도 이하"
    },
    {
      "title": "스타일리시해",
      "lookStyle": "street",
      "gender": "male",
      "image": "./img/street/men/s_16_5.jpg",
      "temp": "1도 이상 6도 이하"
    },
    {
      "title": "탐나는 코디",
      "lookStyle": "street",
      "gender": "male",
      "image": "./img/street/men/s_16_6.jpg",
      "temp": "1도 이상 6도 이하"
    },
    {
      "title": "탐나는 코디",
      "lookStyle": "street",
      "gender": "male",
      "image": "./img/street/men/s_711_1.jpg",
      "temp": "7도 이상 11도 이하"
    },
    {
      "title": "힙하게 즐겨",
      "lookStyle": "street",
      "gender": "male",
      "image": "./img/street/men/s_711_2.jpg",
      "temp": "7도 이상 11도 이하"
    },
    {
      "title": "힙하게 입자",
      "lookStyle": "street",
      "gender": "male",
      "image": "./img/street/men/s_711_3.jpg",
      "temp": "7도 이상 11도 이하"
    },
    {
      "title": "스타일리시해",
      "lookStyle": "street",
      "gender": "male",
      "image": "./img/street/men/s_711_4.jpg",
      "temp": "7도 이상 11도 이하"
    },
    {
      "title": "요즘 힙 감성",
      "lookStyle": "street",
      "gender": "male",
      "image": "./img/street/men/s_711_5.jpg",
      "temp": "7도 이상 11도 이하"
    },
    {
      "title": "스트릿 바이브",
      "lookStyle": "street",
      "gender": "male",
      "image": "./img/street/men/s_711_6.jpg",
      "temp": "7도 이상 11도 이하"
    },
    {
      "title": "스타일리시해",
      "lookStyle": "street",
      "gender": "male",
      "image": "./img/street/men/s_1216_1.jpg",
      "temp": "12도 이상 16도 이하"
    },
    {
      "title": "스트릿 바이브",
      "lookStyle": "street",
      "gender": "male",
      "image": "./img/street/men/s_1216_2.jpg",
      "temp": "12도 이상 16도 이하"
    },
    {
      "title": "요즘 힙 감성",
      "lookStyle": "street",
      "gender": "male",
      "image": "./img/street/men/s_1216_3.jpg",
      "temp": "12도 이상 16도 이하"
    },
    {
      "title": "힙하게 즐겨",
      "lookStyle": "street",
      "gender": "male",
      "image": "./img/street/men/s_1216_4.jpg",
      "temp": "12도 이상 16도 이하"
    },
    {
      "title": "힙하게 입자",
      "lookStyle": "street",
      "gender": "male",
      "image": "./img/street/men/s_1216_5.jpg",
      "temp": "12도 이상 16도 이하"
    },
    {
      "title": "탐나는 코디",
      "lookStyle": "street",
      "gender": "male",
      "image": "./img/street/men/s_1216_6.jpg",
      "temp": "12도 이상 16도 이하"
    },
    {
      "title": "탐나는 코디",
      "lookStyle": "street",
      "gender": "male",
      "image": "./img/street/men/s_1722_1.jpg",
      "temp": "17도 이상 22도 이하"
    },
    {
      "title": "요즘 힙 감성",
      "lookStyle": "street",
      "gender": "male",
      "image": "./img/street/men/s_1722_2.jpg",
      "temp": "17도 이상 22도 이하"
    },
    {
      "title": "스타일리시해",
      "lookStyle": "street",
      "gender": "male",
      "image": "./img/street/men/s_1722_3.jpg",
      "temp": "17도 이상 22도 이하"
    },
    {
      "title": "힙하게 즐겨",
      "lookStyle": "street",
      "gender": "male",
      "image": "./img/street/men/s_1722_4.jpg",
      "temp": "17도 이상 22도 이하"
    },
    {
      "title": "스트릿 바이브",
      "lookStyle": "street",
      "gender": "male",
      "image": "./img/street/men/s_1722_5.jpg",
      "temp": "17도 이상 22도 이하"
    },
    {
      "title": "힙하게 입자",
      "lookStyle": "street",
      "gender": "male",
      "image": "./img/street/men/s_1722_6.jpg",
      "temp": "17도 이상 22도 이하"
    },
    {
      "title": "힙하게 즐겨",
      "lookStyle": "street",
      "gender": "male",
      "image": "./img/street/men/s_2327_1.jpg",
      "temp": "23도 이상 27도 이하"
    },
    {
      "title": "힙하게 입자",
      "lookStyle": "street",
      "gender": "male",
      "image": "./img/street/men/s_2327_2.jpg",
      "temp": "23도 이상 27도 이하"
    },
    {
      "title": "요즘 힙 감성",
      "lookStyle": "street",
      "gender": "male",
      "image": "./img/street/men/s_2327_3.jpg",
      "temp": "23도 이상 27도 이하"
    },
    {
      "title": "탐나는 코디",
      "lookStyle": "street",
      "gender": "male",
      "image": "./img/street/men/s_2327_4.jpg",
      "temp": "23도 이상 27도 이하"
    },
    {
      "title": "스타일리시해",
      "lookStyle": "street",
      "gender": "male",
      "image": "./img/street/men/s_2327_5.jpg",
      "temp": "23도 이상 27도 이하"
    },
    {
      "title": "스트릿 바이브",
      "lookStyle": "street",
      "gender": "male",
      "image": "./img/street/men/s_2327_6.jpg",
      "temp": "23도 이상 27도 이하"
    },
    {
      "title": "스트릿 바이브",
      "lookStyle": "street",
      "gender": "male",
      "image": "./img/street/men/s_28_1.jpg",
      "temp": "28도 이상"
    },
    {
      "title": "탐나는 코디",
      "lookStyle": "street",
      "gender": "male",
      "image": "./img/street/men/s_28_2.jpg",
      "temp": "28도 이상"
    },
    {
      "title": "스타일리시해",
      "lookStyle": "street",
      "gender": "male",
      "image": "./img/street/men/s_28_3.jpg",
      "temp": "28도 이상"
    },
    {
      "title": "힙하게 입자",
      "lookStyle": "street",
      "gender": "male",
      "image": "./img/street/men/s_28_4.jpg",
      "temp": "28도 이상"
    },
    {
      "title": "힙하게 즐겨",
      "lookStyle": "street",
      "gender": "male",
      "image": "./img/street/men/s_28_5.jpg",
      "temp": "28도 이상"
    },
    {
      "title": "요즘 힙 감성",
      "lookStyle": "street",
      "gender": "male",
      "image": "./img/street/men/s_28_6.jpg",
      "temp": "28도 이상"
    }
  ]
}
